{
  "project_info": {
    "project_number": "695620470724",
    "firebase_url": "https://signin-kotlin.firebaseio.com",
    "project_id": "signin-kotlin",
    "storage_bucket": "signin-kotlin.appspot.com"
  },
  "client": [
    {
      "client_info": {
        "mobilesdk_app_id": "1:695620470724:android:c65d20fa7b42e20c",
        "android_client_info": {
          "package_name": "com.althaf.googlesignin"
        }
      },
      "oauth_client": [
        {
          "client_id": "695620470724-79bq0o9n36mhtcoplm54bftmvplvpgd4.apps.googleusercontent.com",
          "client_type": 1,
          "android_info": {
            "package_name": "com.althaf.googlesignin",
            "certificate_hash": "7f95276ae5da076292cdd0a8d8ba9607f381dc3d"
          }
        },
        {
          "client_id": "695620470724-4qbkss7itai82pl187h4v5bhlqm5vtqa.apps.googleusercontent.com",
          "client_type": 3
        }
      ],
      "api_key": [
        {
          "current_key": "AIzaSyBE7bqOIDw-O2T-Yj-H2PLQuEXtSXJd6qM"
        }
      ],
      "services": {
        "appinvite_service": {
          "other_platform_oauth_client": [
            {
              "client_id": "695620470724-4qbkss7itai82pl187h4v5bhlqm5vtqa.apps.googleusercontent.com",
              "client_type": 3
            }
          ]
        }
      }
    }
  ],
  "configuration_version": "1"
}